{
    "stat_euclid": {
        "mean_diff_distance_euclid": 3.099254608154297
    },
    "stat_cosinus": {
        "mean_diff_distance_cosinus": 0.22672632094039474
    }
}