{
    "stat_euclid": {
        "mean_diff_distance_euclid": 2.453315019607544,
        "mean_diff_minus_one_distance_euclid": 0.8004477024078369,
        "mean_diff_plus_one_distance_euclid": 1.018663763999939,
        "mean_diff_minus_two_distance_euclid": 0.7220980525016785,
        "mean_diff_plus_two_distance_euclid": 0.8405243754386902
    },
    "stat_cosinus": {
        "mean_diff_distance_cosinus": 0.15741588618304278,
        "mean_diff_minus_one_distance_cosinus": 0.020300279060999554,
        "mean_diff_plus_one_distance_cosinus": 0.04421262161151783,
        "mean_diff_minus_two_distance_cosinus": 0.01807912954917321,
        "mean_diff_plus_two_distance_cosinus": 0.02520817518234253
    }
}